ID,Group,Feature_1,Feature_2,Feature_3
ID001,A,2266.106248070864,390.98625588671285,4843.387464779027
ID002,B,2378.066421440072,386.3487335419504,4756.132842880144
ID003,B,2511.0318755036174,408.97460092351923,5022.063751007235
ID004,B,2154.975213830782,395.44803757240425,4309.950427661564
ID005,C,2137.061430903953,377.283416636429,-1759.7780142675238
ID006,A,2751.365014120888,358.753428716312,6460.327898781104
ID007,A,2214.4648652431324,428.97951804840244,4498.497005487385
ID008,A,2882.2239766903563,416.03517454141155,6566.496057364011
ID009,B,2571.966300096402,389.0270943195005,5143.932600192804
ID010,B,3131.8609447333765,399.0974604646393,6263.721889466753
ID011,A,2211.5328118227008,385.58869275220917,4706.654971707057
ID012,B,2683.42768816738,395.7805753351576,5366.85537633476
ID013,C,2709.3056080714387,429.5057929100866,-2279.799815161352
ID014,A,2704.7303000763322,410.9802456191347,6059.289672133324
ID015,B,1567.9309651440885,377.6108457083649,3135.861930288177
ID016,B,2258.2773152788486,363.7917381629472,4516.554630557697
ID017,B,1959.1042354210822,405.31687622877837,3918.2084708421644
ID018,B,2456.39020898502,377.45673696783354,4912.78041797004
ID019,C,2854.4732114644253,415.644825355558,-2438.828386108867
ID020,C,2618.356806116997,437.8801125500789,-2180.476693566918
ID021,C,2995.191124087784,377.22030496066935,-2617.9708191271147
ID022,C,2915.3457022731195,404.57922664277584,-2510.766475630344
ID023,B,2605.3076323902083,393.5916512390336,5210.6152647804165
ID024,A,1485.8837776320004,395.67029974461616,2479.29983417292
ID025,B,2710.46899548408,412.4589522781047,5420.93799096816
ID026,A,2663.45604130642,373.96695002845246,6120.533373776998
ID027,B,2648.827310472711,429.93939427488726,5297.654620945422
ID028,B,1924.7117195450494,391.5726243107385,3849.423439090099
ID029,C,2110.358732914032,412.89347664775784,-1697.465256266274
ID030,B,2412.8431742972716,389.2871815014852,4825.686348594543
ID031,C,2378.711932669685,396.0156614914013,-1982.696271178284
ID032,C,2455.0262221438225,376.60084205117107,-2078.4253800926513
ID033,C,2941.244391894095,405.47888046566015,-2535.765511428435
ID034,B,2596.184433856369,406.36669483995297,5192.368867712738
ID035,B,2408.265231397218,415.59360548815397,4816.530462794436
ID036,B,2451.0729821303953,415.69722586062136,4902.145964260791
ID037,C,2825.142042414097,386.2421015368195,-2438.8999408772775
ID038,B,2476.184785145925,397.75662106900825,4952.36957029185
ID039,A,2264.0407123512555,410.00434726052276,4742.100400751152
ID040,C,2890.5998589471083,395.82512946551276,-2494.7747294815954
ID041,A,2581.6996818582056,430.98248490239774,5590.186621062629
ID042,B,2623.962045691186,388.7086450266967,5247.924091382372
ID043,B,2691.405580347741,437.88810635972413,5382.811160695482
ID044,A,2416.9117181322317,395.00751684764236,5275.697570158483
ID045,A,1902.3841930972662,420.6717929708588,3603.7936144375044
ID046,A,2212.6253733165618,407.4634707356215,4600.558766271578
ID047,C,2682.754503698738,402.27603212519074,-2280.4784715735473
ID048,A,2419.6911706693613,408.7576988262777,5215.285017876696
ID049,B,2732.9846827429456,403.65246944651335,5465.969365485891
ID050,C,2711.6149700611168,374.2284149289323,-2337.3865551321846
ID051,C,2899.2018068721845,420.1987140830872,-2479.0030927890975
ID052,A,2739.943116907296,428.29044614711233,6078.377119986326
ID053,A,2490.9080651617096,418.3828774158574,5380.809808405842
ID054,B,2437.732932601142,400.4660625038196,4875.465865202284
ID055,A,3086.200762957342,388.82910120408457,7314.456782851603
ID056,C,2569.887684776667,422.17492101565387,-2147.712763761013
ID057,A,2523.2514650535704,379.5044071259863,5672.23235953078
ID058,B,2681.4158576073814,427.66302583211257,5362.831715214763
ID059,C,2082.277225413383,413.5955111605462,-1668.6817142528366
ID060,C,3096.8076564591556,376.4505779043694,-2720.3570785547863
ID061,C,2813.630229536236,429.43080273613157,-2384.1994268001044
ID062,C,2175.978828533545,405.5894204958464,-1770.3894080376986
ID063,C,2335.6307673422507,427.9464119986425,-1907.6843553436083
ID064,C,2487.9160949221796,409.8606500217355,-2078.055444900444
ID065,C,2651.4279509743287,423.41008261796867,-2228.01786835636
ID066,B,2973.0613219249235,384.4916021194246,5946.122643849847
ID067,C,2371.1109347269226,371.5693451577444,-1999.541589569178
ID068,A,2433.306839321403,407.42073166023306,5262.816859663043
ID069,B,2124.059185855254,402.219897000042,4248.118371710508
ID070,C,2875.6236800330125,400.4120456545996,-2475.211634378413
ID071,C,2344.201046498659,422.84113580101223,-1921.3599106976467
ID072,B,2896.8902995283493,390.183027224713,5793.7805990566985
ID073,C,2131.422471630545,423.26843732839797,-1708.1540343021468
ID074,C,2037.1031124036213,401.821667193769,-1635.2814452098523
ID075,C,2559.1838412956545,397.3618041054725,-2161.822037190182
ID076,A,2977.6763084119425,399.74112211838815,6934.323314643886
ID077,B,2405.349081779977,372.37235950093105,4810.698163559954
ID078,A,2882.8524913658903,410.07121246733686,6598.201411760985
ID079,A,2954.8691368226473,413.0651074523855,6799.281873206015
ID080,C,2347.7558570658675,418.10576073625083,-1929.6500963296166
ID081,C,2349.008775272128,397.3557408208702,-1951.6530344512576
ID082,B,2521.537964258435,387.00459723374223,5043.07592851687
ID083,A,2085.073808180193,405.131731217007,4229.562768455544
ID084,B,2271.766488612345,404.2403359165216,4543.53297722469
ID085,A,2160.0736542011496,394.0263167011311,4510.089379097793
ID086,A,2475.8839478411496,395.67686609874545,5449.267513029721
ID087,C,2263.5282549331473,406.3687998884926,-1857.1594550446548
ID088,C,2316.5085265976013,407.19998052803857,-1909.3085460695627
ID089,A,2718.3511776701325,401.28816313564744,6148.61271733216
ID090,C,2474.814624181686,377.03039313047884,-2097.7842310512074
ID091,A,2194.4833084250663,408.68739971287994,4540.0129267108
ID092,B,2397.2137691286443,382.8421499584881,4794.427538257289
ID093,C,2288.963499248987,374.15550672248986,-1914.807992526497
ID094,C,2533.676745205344,389.8902899248944,-2143.78645528045
ID095,A,2969.1030067095776,427.07359600240744,6771.941040116695
ID096,A,2971.1598079099285,403.6056799869305,6895.4510237951345
ID097,B,2083.6250324780285,397.6703373071191,4167.250064956057
ID098,C,2194.129065221044,430.0338455864282,-1764.095219634616
ID099,C,2571.7473819308957,389.0432395220702,-2182.7041424088256
ID100,A,2881.478703376005,385.89418954656975,6714.965162395167
ID101,A,2895.2067871131358,401.7683034020172,6676.77884432932
ID102,B,2152.094504839206,438.41976122701215,4304.189009678412
ID103,A,2813.5563689535015,390.9751993579382,6485.793110070814
ID104,A,2860.256440258376,440.7578158034134,6376.980241758062
ID105,A,2763.8444555149017,413.7714808291161,6222.675962399125
ID106,B,2629.230861279309,414.36530096694327,5258.461722558618
ID107,A,3274.292072136795,422.40147685962063,7710.868832112281
ID108,C,2825.5455057958056,432.39441595504405,-2393.1510898407614
ID109,B,2654.1839248591086,391.37054884121005,5308.367849718217
ID110,B,2885.8501207410545,399.9236016097566,5771.700241482109
ID111,C,2138.0413465433094,369.1609010740454,-1768.880445469264
ID112,C,2438.110409768993,391.9779566799943,-2046.1324530889988
ID113,C,3118.356677750665,389.508098637564,-2728.8485791131006
ID114,A,2538.0181966726345,391.7060382260029,5655.52439888789
ID115,C,2868.8714406089694,406.23702294293724,-2462.6344176660323
ID116,B,2662.8451142590434,379.02693228180686,5325.690228518087
ID117,B,2342.4152350491768,397.04213735799743,4684.8304700983535
ID118,C,2830.727296517914,401.0455985614617,-2429.6816979564524
ID119,A,2418.0779155149435,396.9870022093528,5269.298735498067
ID120,A,2538.1069851203056,395.9242290028513,5634.69981034666
ID121,B,2374.9296229290853,386.4059372409775,4749.859245858171
ID122,B,2529.5066869536026,394.5553362401731,5059.013373907205
ID123,B,2492.642449353719,420.27283339724363,4985.284898707438
ID124,B,2768.6492462897468,422.62646355663986,5537.2984925794935
ID125,A,2512.9268493962736,394.96206805249955,5563.970207926323
ID126,A,2780.197634453614,387.7284899859236,6401.950453431223
ID127,A,2019.8273186824144,402.728768437256,4045.8381138609634
ID128,A,2693.790749582395,386.7868601342319,6147.437948076026
ID129,A,2747.8488553228162,409.90179636637765,6194.03758413656
ID130,C,1897.1906906984725,391.8902245186341,-1505.3004661798384
ID131,A,2322.5760642235355,418.4369739648017,4875.543322846597
ID132,B,3347.7093965651957,428.49268793057945,6695.418793130391
ID133,A,2488.118589873642,410.3995090078735,5412.358224581559
ID134,A,2541.147118856931,394.8079335715864,5649.401688712861
ID135,B,2495.9460183098568,397.7734683442795,4991.8920366197135
ID136,C,2821.619155982908,387.4832923609568,-2434.135863621951
ID137,B,2678.3036830146148,392.1626451906355,5356.6073660292295
ID138,B,2494.8386694411306,394.04966900803896,4989.677338882261
ID139,A,2829.4602469485526,408.20524528144995,6447.354514438408
ID140,C,2387.4514123348945,390.6225935345135,-1996.828818800381
ID141,C,2159.343238433371,409.6644160357186,-1749.6788223976523
ID142,B,2844.023928184508,399.2374698445276,5688.047856369016
ID143,C,2381.826436474077,401.8140219875291,-1980.012414486548
ID144,C,2451.968125369869,416.9044419544176,-2035.0636834154516
ID145,A,2368.1753648161707,405.20884483504085,5078.481870273308
ID146,C,2120.33329263006,410.4399616277287,-1709.8933310023313
ID147,C,2188.277510622463,430.1545396523795,-1758.1229709700835
ID148,B,2043.3506502135597,419.3542860063545,4086.7013004271193
ID149,C,2399.8099495147726,404.4274308471219,-1995.3825186676506
ID150,A,2737.5792729037826,397.1398039194356,6227.038799114171
ID151,A,2983.498657954507,394.477498314385,6978.1084822915955
ID152,C,2609.549340346232,399.42954771355596,-2210.119792632676
ID153,A,2979.2246614733476,411.97446249345677,6877.801671952759
ID154,B,2723.2085319991543,402.6989853731106,5446.417063998309
ID155,B,2606.4343532047724,402.13631368796047,5212.868706409545
ID156,C,2588.6375442704834,419.5878598470441,-2169.0496844234394
ID157,A,2667.289108533328,401.79592344159977,5992.887708391985
ID158,A,2913.7207169578505,381.5641762303492,6833.3412697218055
ID159,A,3004.2825343143945,393.54672324120185,7045.113986737175
ID160,C,2557.3101753920278,404.4067632712677,-2152.90341212076
ID161,A,2501.503128954013,414.7913687795313,5430.552542964382
ID162,A,2569.0338188978512,384.9259253409985,5782.471829988561
ID163,C,2354.5893552229863,414.4938369140112,-1940.0955183089752
ID164,B,2591.642208421902,394.16831792784893,5183.284416843804
ID165,A,2537.8741510999444,377.1976947357278,5727.633979621194
ID166,B,2105.554946874337,388.56075044326894,4211.109893748674
ID167,A,2445.892278002137,394.59499500061713,5364.701859003326
ID168,A,2447.19272453624,419.38724152735784,5244.64196597193
ID169,C,2701.1363205123585,403.01691233327483,-2298.1194081790836
ID170,C,2462.69567500591,434.7974737860768,-2027.898201219833
ID171,B,2208.9708438413954,383.3585435328145,4417.941687682791
ID172,C,2242.463438877788,389.85259119407283,-1852.6108476837153
ID173,B,2320.5764296089947,408.312317790775,4641.152859217989
ID174,C,2713.0291230939224,424.0935262737459,-2288.9355968201767
ID175,C,2268.22583603951,400.17400481884573,-1868.051831220664
ID176,B,2616.3797161691164,409.36577563075207,5232.759432338233
ID177,C,2589.9401995251196,400.06871626768026,-2189.871483257439
ID178,C,3028.584456054041,382.88041013968893,-2645.704045914352
ID179,A,2341.002051308861,405.8213142160368,4993.899582846399
ID180,C,2207.596021833117,384.35973235872103,-1823.236289474396
ID181,B,1992.3858160744376,414.59367820014694,3984.771632148875
ID182,C,2169.2386214596054,405.8300541796282,-1763.4085672799772
ID183,A,2228.8075453384135,405.06191102778195,4661.113080876331
ID184,C,2349.5312731814283,425.96306316487176,-1923.5682100165566
ID185,A,2202.0851855094343,408.8387169287404,4562.061971884601
ID186,C,2506.860830384802,381.6594068361873,-2125.2014235486145
ID187,B,2517.2645345388464,421.79233743786597,5034.529069077693
ID188,B,2287.186557461623,391.57084983869254,4574.373114923246
ID189,B,2373.9022202149235,384.77053941018534,4747.804440429847
ID190,A,2199.7206483384334,385.65461813810253,4670.888854324788
ID191,A,2731.6438593720777,366.7547019816328,6361.158068208069
ID192,C,2642.4293971533307,386.37153408519487,-2256.0578630681357
ID193,A,2347.014024659491,378.28441597821933,5149.619994087377
ID194,A,2518.3870960750874,403.08808367639824,5539.720869843271
ID195,B,2628.0318525430043,412.7720178393298,5256.063705086009
ID196,B,2345.1278510211423,405.1304248469942,4690.255702042285
ID197,C,2048.987574093519,399.40944925156475,-1649.5781248419544
ID198,A,2616.8868674580817,405.2393279361269,5824.4639626936105
ID199,C,2694.4924939311636,440.83324648797367,-2253.65924744319
ID200,A,3000.7481597901797,417.22674172974394,6916.11077072182
ID201,B,2522.7327033268643,439.2159394259154,5045.465406653729
ID202,B,3015.4414471502423,416.93727974248367,6030.882894300485
ID203,B,2282.5482665813156,402.784547828601,4565.096533162631
ID204,C,2532.704485179405,397.92791983830506,-2134.7765653410997
ID205,A,2508.9700327139612,390.3163043563122,5575.328576360323
ID206,B,2548.8785574686212,380.9137646972836,5097.7571149372425
ID207,A,2344.1161274930273,386.2724968034419,5100.985898461872
ID208,A,2562.643950047655,412.2550408561784,5626.656645862073
ID209,A,2699.652337860509,418.5632897076176,6006.140565043439
ID210,B,2640.201572616107,393.7924514584878,5280.403145232214
ID211,A,2704.2110157115458,385.9139297076327,6183.063398596474
ID212,A,3001.242307964807,391.32132458518333,7047.120300968504
ID213,B,2792.147287679339,409.3125727501042,5584.294575358678
ID214,C,3042.221153273628,398.7848201294707,-2643.4363331441573
ID215,A,2855.7041126461545,410.552596478319,6514.349355546868
ID216,C,3055.510536530134,418.40624332025334,-2637.1042932098803
ID217,B,2734.7986369028213,419.5129246024354,5469.5972738056425
ID218,A,2380.900332792087,412.1775835670369,5081.813080541076
ID219,B,2315.802631443434,408.85062374717006,4631.605262886868
ID220,B,2514.0652796073805,414.5641406357657,5028.130559214761
ID221,B,2768.5321764138516,415.70477884020147,5537.064352827703
ID222,B,2737.867068324258,405.40399480069885,5475.734136648516
ID223,C,2344.685097015556,412.59393468542277,-1932.0911623301333
ID224,A,2356.20332163616,417.01796089703794,4983.520160423292
ID225,B,2924.79979181073,380.9960097734074,5849.59958362146
ID226,C,2418.6693068372724,401.6134324417969,-2017.0558743954755
ID227,C,3058.883678568395,401.83168331831274,-2657.0519952500827
ID228,C,2403.3179388224007,416.97591519652684,-1986.342023625874
ID229,A,2310.321205124355,373.32522039540544,5064.337513396037
ID230,A,2571.536128226883,401.9483749014044,5704.866510173628
ID231,C,2671.315065221888,391.1022855455433,-2280.2127796763443
ID232,C,1793.7128834220564,387.92582484675916,-1405.7870585752971
ID233,A,2628.09814513145,376.6562219191263,6001.013325798718
ID234,A,2009.1054844813023,377.0228451659525,4142.202227614144
ID235,A,3010.5197322990134,391.7411593421906,7072.853400186087
ID236,C,2729.3753697930665,401.20706624467397,-2328.1683035483925
ID237,B,2928.105387697471,416.41056003148543,5856.210775394942
ID238,A,2906.677183951433,400.32056113311876,6718.428746188705
ID239,B,2284.4468634212362,402.27048310458923,4568.8937268424725
ID240,A,2757.740782962645,395.5358352849227,6295.543172463322
ID241,C,2128.1983773994866,395.89042504749915,-1732.3079523519875
ID242,C,2897.109739524855,404.31685900005266,-2492.792880524802
ID243,C,2630.4473632569934,413.2885856300125,-2217.1587776269807
ID244,A,1949.3175509632813,400.4745147667177,3845.5800790562557
ID245,C,2718.6491739137705,404.6704554589575,-2313.978718454813
ID246,B,2365.0238708455377,406.1386175746422,4730.047741691075
ID247,B,2394.32789546428,379.53586477106063,4788.65579092856
ID248,B,2837.718733513939,381.33421116862786,5675.437467027878
ID249,B,2632.030350080405,406.47231480825207,5264.06070016081
ID250,A,2178.4291845800826,381.57937974581813,4627.390655011157
ID251,A,3062.3321083269734,399.0550642364603,7191.721003798619
ID252,C,2230.5184903918744,385.8075691469471,-1844.7109212449272
ID253,C,2405.733275429746,413.2699611420639,-1992.463314287682
ID254,B,2949.2509009864384,383.15141707359294,5898.501801972877
ID255,B,2616.530479788606,373.3309888389891,5233.060959577212
ID256,B,2579.02825162823,404.63320690957,5158.05650325646
ID257,C,2727.6264794960284,403.6062245093955,-2324.020254986633
ID258,B,2890.7872479645357,368.4276516273038,5781.574495929071
ID259,A,2030.062123964276,405.43637185885564,4063.00451259855
ID260,C,2781.295514412909,411.338204847592,-2369.9573095653172
ID261,B,2017.2932961159888,400.2127742945655,4034.5865922319776
ID262,C,2960.340089028861,382.83355407738884,-2577.506534951472
ID263,A,2251.912175924104,373.6113958959309,4887.679548292656
ID264,C,2606.3284997665155,410.11156339911554,-2196.2169363674
ID265,B,2327.20515271798,415.435449375981,4654.41030543596
ID266,A,2655.905308904945,402.2782851057316,5956.324501186176
ID267,C,2280.639046642212,384.77125401131156,-1895.8677926309006
ID268,A,2157.213549907062,420.29554816687073,4370.162908886832
ID269,B,2551.536353249761,414.42489932781393,5103.072706499522
ID270,B,2411.7864757352254,371.1154596022257,4823.572951470451
ID271,A,2620.004289149923,413.251332738086,5793.756203759338
ID272,B,2990.974715078192,403.39222836540404,5981.949430156384
ID273,C,2692.5613269609034,420.7574559936769,-2271.8038709672264
ID274,C,2496.770121766749,383.9689849250724,-2112.8011368416765
ID275,B,2674.777813633734,394.154900819959,5349.555627267468
ID276,B,2445.0445596481304,395.90725604923415,4890.089119296261
ID277,B,2053.1276537517974,380.687157796167,4106.255307503595
ID278,A,2928.2079157805247,407.5277751652116,6746.984871515517
ID279,C,2519.93432404797,408.0911045397034,-2111.843219508267
ID280,A,2113.213709014567,394.7364872609225,4365.9586907390885
ID281,B,2788.619811104898,411.1839591723641,5577.239622209796
ID282,A,2456.9427966115904,417.5750657833881,5282.953060917831
ID283,A,3114.2968295718524,392.85624850131524,7378.60924620898
ID284,C,2223.1310891213134,402.38177193872457,-1820.7493171825888
ID285,A,2731.3671901384314,380.4746755772429,6291.728192529079
ID286,A,2498.553030202027,379.0905725754171,5600.206227728995
ID287,B,2996.7355734968746,388.29031005426884,5993.471146993749
ID288,B,1960.3212567606329,397.9396095088352,3920.6425135212658
ID289,A,2473.603448957919,382.82249323039963,5506.697880721759
ID290,B,2162.603601640656,407.7655926891159,4325.207203281312
ID291,B,3224.2052529552584,380.57785187883246,6448.410505910517
ID292,B,2750.607799087257,406.48469087118826,5501.215598174514
ID293,C,2580.633231964998,416.0429909696251,-2164.590240995373
ID294,C,2577.011733904956,409.42768185978287,-2167.5840520451734
ID295,C,2608.1690431183297,404.0692352976525,-2204.099807820677
ID296,C,2480.3698924459236,397.5856738883023,-2082.7842185576214
ID297,C,2470.472705599474,386.6451069386495,-2083.8275986608246
ID298,A,2561.5989465505904,379.8547282237101,5785.523198533221
ID299,B,2575.630522063528,405.5206721014873,5151.261044127056
ID300,C,2648.9667051297915,390.18965528413406,-2258.7770498456575
ID301,C,3177.0884071578903,401.81318625781984,-2775.2752209000705
ID302,A,2143.686743786,370.447552372239,4578.822469496805
ID303,B,2146.4216986595798,375.0864212850233,4292.8433973191595
ID304,A,2169.37678313992,415.50124590024586,4430.624119918531
ID305,A,2213.783393251483,414.11938811213895,4570.753239193755
ID306,C,2645.267532122233,397.98500612601697,-2247.2825259962165
ID307,C,2716.2280749260303,387.28118611763057,-2328.9468888083998
ID308,C,2145.2453564587563,387.76267906151793,-1757.4826773972384
ID309,A,2761.911252914495,407.4129198645317,6248.669159420826
ID310,B,2553.4752147541035,397.3966860062746,5106.950429508207
ID311,B,2158.533342280961,404.8188145142103,4317.066684561922
ID312,A,2858.6662653582357,405.66161627078566,6547.690714720779
ID313,B,2477.52432110569,376.72538222712046,4955.04864221138
ID314,A,1791.4092230960707,408.7225743799737,3330.614797388344
ID315,C,2202.0407760997514,407.1922502782392,-1794.848525821512
ID316,A,2445.541097083153,400.3399922827242,5334.923329835839
ID317,B,2882.962840235091,421.9202172539204,5765.925680470182
ID318,B,2569.265849187533,370.76825506857915,5138.531698375066
ID319,B,2987.7114214571616,405.036698660832,5975.422842914323
ID320,C,1895.0480575690385,408.90834232566567,-1486.1397152433728
ID321,B,2627.906924548215,407.54162705086924,5255.81384909643
ID322,B,2030.6800178327117,382.4549208740117,4061.3600356654233
ID323,B,2598.5900574045554,401.04749043464057,5197.180114809111
ID324,A,2837.3534906733635,400.4291380593184,6509.914781723498
ID325,B,2649.608454143276,392.49428848613326,5299.216908286552
ID326,C,2277.841611816418,392.91637249760095,-1884.9252393188171
ID327,A,2444.653297893235,413.9730133296955,5264.094827031227
ID328,B,2295.263795092248,409.5348708356415,4590.527590184496
ID329,A,2626.373526353699,413.12568602943895,5813.492148913903
ID330,C,2850.2443463498203,360.0415639662992,-2490.202782383521
ID331,B,1993.407595038492,386.4031602961703,3986.815190076984
ID332,B,2730.9413908189335,406.1921232803266,5461.882781637867
ID333,B,2378.823012446308,392.6113515919256,4757.646024892616
ID334,A,2404.2280868124944,394.00557371415596,5242.656391866703
ID335,B,2631.1635108882588,375.6304233054055,5262.3270217765175
ID336,B,2635.4789862948855,427.36870733625403,5270.957972589771
ID337,A,2434.0082926883297,403.80837506220445,5282.9830027539665
ID338,C,2336.5036825325583,423.2701997746457,-1913.2334827579125
ID339,B,2962.0133367909184,398.1112711963376,5924.026673581837
ID340,A,2922.1810678537477,367.2940139630356,6930.073133746066
ID341,A,2853.141104552015,391.4776411752854,6602.035107779619
ID342,C,3216.469391635273,390.45218026095534,-2826.017211374318
ID343,C,2151.678378333664,413.9917339594541,-1737.6866443742101
ID344,C,2105.98991857428,388.7409647177519,-1717.2489538565283
ID345,A,2564.3170595734437,416.6919508666263,5609.491424387199
ID346,B,2594.7656006732414,389.4291519833597,5189.531201346483
ID347,C,2672.062181623205,415.0776200608352,-2256.98456156237
ID348,C,1975.5226487654795,384.571230406557,-1590.9514183589226
ID349,B,2555.0090522543405,412.55329750273125,5110.018104508681
ID350,C,2653.4535488396436,418.1414363415343,-2235.3121124981094
ID351,C,1952.7994750685698,402.46308604532766,-1550.3363890232422
ID352,B,2581.825781551943,413.88150910753023,5163.651563103886
ID353,A,2453.6672123982526,393.1355072717685,5395.324100835915
ID354,B,2130.064654311439,402.78865659542214,4260.129308622878
ID355,B,2168.7656192952168,404.857637758546,4337.5312385904335
ID356,C,2366.584019846658,427.27178643511326,-1939.3122334115449
ID357,C,2414.211964526361,410.25496041303825,-2003.957004113323
ID358,C,2637.0747865391677,387.1850953750564,-2249.8896911641114
ID359,C,1653.6794896845422,410.52863678793176,-1243.1508528966106
ID360,C,2186.0725031845814,395.7368135087244,-1790.3356896758569
ID361,B,2264.0300682545862,435.34749580169097,4528.0601365091725
ID362,A,2428.5642738513206,403.14284314883537,5269.978605809785
ID363,A,2163.3760371422068,403.48168097606424,4472.719706546299
ID364,B,2762.245513573493,378.4822504815773,5524.491027146986
ID365,C,2635.40323170403,393.9405133571464,-2241.462718346884
ID366,C,2555.9720808072766,390.78317388400023,-2165.1889069232766
ID367,B,2286.709129133695,421.5185149745334,4573.41825826739
ID368,C,2540.6411412639977,404.04123711048305,-2136.5999041535147
ID369,C,2449.378379992051,395.22227986008704,-2054.156100131964
ID370,B,2382.540265941391,440.43626369486503,4765.080531882782
ID371,B,2393.9714643044504,433.9991682481774,4787.942928608901
ID372,C,2829.338730736345,418.16897725954846,-2411.1697534767964
ID373,B,2572.6218196237096,391.32660519317574,5145.243639247419
ID374,A,2630.2820381744764,410.9812280133782,5835.939974456538
ID375,A,2615.9090500637576,355.7621629736425,6068.916335323061
ID376,A,2301.8301959791434,390.48803538596263,4953.050411007617
ID377,B,2007.8882988101745,413.2451362698075,4015.776597620349
ID378,B,2687.6214642470104,382.4238440486988,5375.242928494021
ID379,B,2730.932178705911,396.73583378817654,5461.864357411822
ID380,B,2478.2432101188842,410.98010837997737,4956.4864202377685
ID381,A,2008.9177506035396,420.901550050614,3922.2455015575492
ID382,B,1810.3073310724753,388.8892713914064,3620.6146621449507
ID383,C,2334.05839961437,407.30007034189754,-1926.7583292724726
ID384,A,2253.966158235261,397.4005041848945,4774.895953781311
ID385,B,2784.982073106824,385.96983380993856,5569.964146213648
ID386,B,2437.1335946627305,409.38261550526533,4874.267189325461
ID387,B,2356.123512595711,384.13659513684,4712.247025191422
ID388,C,2870.374993893013,406.4424678171231,-2463.93252607589
ID389,C,2846.730375005331,390.7922186147795,-2455.9381563905517
ID390,C,2048.3329601061027,398.1362136025936,-1650.196746503509
ID391,A,2739.424272818537,385.0443242338161,6293.051197286531
ID392,B,2558.8533719251504,396.269497952949,5117.706743850301
ID393,B,2064.886687688681,408.1827392525703,4129.773375377362
ID394,A,2557.1893245123706,414.92672641869507,5596.934341443637
ID395,C,2948.468955106822,395.69085498803895,-2552.7781001187827
ID396,B,2189.6059812710746,398.12662081411327,4379.211962542149
ID397,C,2018.782661317642,424.0634608527044,-1594.7192004649376
ID398,B,2494.8590841226687,401.871309222221,4989.718168245337
ID399,A,2679.8159061848382,395.0326495522195,6064.284470793417
ID400,A,2850.9213280459307,390.7741681917069,6598.893143179259
ID401,C,2296.5729785809585,390.1061915635582,-1906.4667870174003
ID402,C,2603.949134183791,405.39067441526345,-2198.5584597685274
ID403,C,2880.9176031095667,401.2676071927428,-2479.649995916824
ID404,B,2940.9993061167106,424.9778172537493,5881.998612233421
ID405,A,2618.0703474469883,416.5377663278185,5771.522210701873
ID406,B,2254.3066959818593,393.84833775343606,4508.613391963719
ID407,B,2345.5978521690263,387.2282305505172,4691.195704338053
ID408,A,2355.391194140011,380.3822448257023,5164.262358291522
ID409,B,2437.4862022510474,412.2943449839183,4874.972404502095
ID410,B,2672.267733501777,380.687317194327,5344.535467003554
ID411,C,2448.817027965105,399.6638821609472,-2049.1531458041577
ID412,C,1946.410391494996,393.49115418711517,-1552.9192373078808
ID413,B,2329.6051711607493,420.9662514083742,4659.2103423214985
ID414,A,3050.449669627692,412.8822963187237,7086.937527289458
ID415,C,2615.956075686353,382.26136480863596,-2233.694710877717
ID416,C,2337.3331754047776,423.57762062178716,-1913.7555547829904
ID417,C,2375.81327497512,400.2021761175614,-1975.6110988575583
ID418,C,2627.512025611185,399.89419543816115,-2227.617830173024
ID419,C,2358.9360007424393,416.5804155337586,-1942.3555852086806
ID420,B,2136.390989192474,417.90526716640676,4272.781978384948
ID421,C,2631.0058777362306,461.128404164427,-2169.8774735718034
ID422,C,2600.33475474749,393.9755285154204,-2206.3592262320694
ID423,B,2476.034678653511,389.3035299590422,4952.069357307022
ID424,B,2352.9497128663247,403.66951525851005,4705.899425732649
ID425,A,2217.079643908608,389.62068241381024,4703.135519656773
ID426,A,2126.2646095526966,402.61138958696995,4365.736880723241
ID427,A,2656.3885219803055,389.81326992353115,6020.099216323261
ID428,B,2235.3488027263593,388.640908230044,4470.697605452719
ID429,C,2495.125483675693,378.85909150309004,-2116.266392172603
ID430,A,2428.7585611291242,405.8856088842646,5256.84763896605
ID431,B,3070.173841736623,402.2850346523704,6140.347683473246
ID432,B,2523.5605227646074,406.1913822747757,5047.121045529215
ID433,B,3050.8655294861833,387.77966093291855,6101.731058972367
ID434,C,3072.4660370807414,402.38458949991764,-2670.081447580824
ID435,A,2637.5813651526782,414.06225951258926,5842.432797895088
ID436,B,3146.1890422543934,374.36391468363985,6292.378084508787
ID437,A,3013.2729493140773,408.4762841199326,6997.437427342568
ID438,C,3117.817280392039,406.3824610088696,-2711.4348193831693
ID439,A,2220.2160177708533,404.24999334784593,4639.39808657333
ID440,A,2341.641145835731,382.9917476116645,5109.964699448871
ID441,A,2482.6393003215403,420.7327595087354,5344.254103420944
ID442,A,2928.2852973153667,399.43016631022033,6787.705060394997
ID443,C,1952.370114544332,384.03095585184843,-1568.3391586924836
ID444,C,2565.5423898139675,413.1881022972783,-2152.354287516689
ID445,B,2855.6836442978065,414.70779174406033,5711.367288595613
ID446,C,2859.144637581402,393.62170175669814,-2465.522935824704
ID447,C,2506.9116991199303,385.8922560559647,-2121.019443063966
ID448,A,2296.059400582104,386.8073721062354,4954.141341215135
ID449,C,2607.8124160906755,424.4543296704422,-2183.358086420233
ID450,A,1985.1237104898992,401.7915868015291,3946.4131974620523
ID451,B,2785.611502406347,392.6040533697322,5571.223004812694
ID452,B,2339.4339447346806,406.1509648735203,4678.867889469361
ID453,B,2914.6300690367825,400.087806599075,5829.260138073565
ID454,A,2637.85978336512,386.29946092751044,5982.082045457808
ID455,B,2495.3040174096623,408.1977741793153,4990.6080348193245
ID456,B,2780.4236798306665,401.868221457673,5560.847359661333
ID457,A,2373.8500060693586,386.92378361876985,5186.931100114227
ID458,B,2342.208526690665,400.81592040073355,4684.41705338133
ID459,A,2438.4331118745804,382.94036827526315,5400.597494247426
ID460,C,2409.689087180573,392.92581747924623,-2016.7632697013269
ID461,A,2203.2827651019975,377.740943680118,4721.143576905402
ID462,C,2432.7360142346656,398.64846057404765,-2034.087553660618
ID463,B,2786.112574983322,377.41523036579594,5572.225149966644
ID464,B,1893.5376870577206,403.7397918247877,3787.0753741154413
ID465,B,2368.0977860256503,407.50416775764245,4736.195572051301
ID466,B,2127.8737553678225,390.61552397043886,4255.747510735645
ID467,B,2706.677072227636,432.70334827639897,5413.354144455272
ID468,B,2888.0150590654466,401.91275642650936,5776.030118130893
ID469,A,2835.3131695865463,387.0588804550679,6570.645106484299
ID470,C,2330.198968494059,393.7956537343248,-1936.4033147597343
ID471,C,1843.7895340433138,401.0381038303185,-1442.7514302129953
ID472,A,2287.0325675375234,412.83874074880816,4796.903998868529
ID473,C,2322.5272848075074,419.16930879996414,-1903.3579760075431
ID474,B,3234.6351595744363,424.6951900050269,6469.270319148873
ID475,B,2517.217063559433,410.4410828934556,5034.434127118866
ID476,A,2204.3438223549206,385.17488546590033,4687.157039735261
ID477,B,2640.337064188387,396.94122966196517,5280.674128376774
ID478,C,2900.4063308503423,427.99545572497703,-2472.4108751253652
ID479,A,2272.055337440061,404.00963569737263,4796.11783383332
ID480,A,2783.4693231022657,414.1297142509403,6279.759398052096
ID481,A,2095.9904310603597,394.35455757136555,4316.1985053242515
ID482,C,2573.098797556088,379.25179935065364,-2193.8469982054344
ID483,B,2449.650584692085,415.67424455453886,4899.30116938417
ID484,A,1964.0712706191591,374.7459783383583,4018.483920165686
ID485,C,2469.2164898672595,381.20459144847916,-2088.01189841878
ID486,C,2115.511861179036,417.7335893833262,-1697.7782717957095
ID487,C,2344.3511446834823,399.1038583081141,-1945.2472863753683
ID488,B,2757.2442790056066,430.9288800655924,5514.488558011213
ID489,C,2411.3859543767426,381.8679944175936,-2029.517959959149
ID490,C,2238.4349778533738,412.2179480286907,-1826.217029824683
ID491,C,2626.927706786927,405.1978067536521,-2221.729900033275
ID492,C,2340.5317320055933,388.11851090802503,-1952.4132210975683
ID493,C,2522.255778769811,406.24975660793115,-2116.00602216188
ID494,B,2853.784121706486,431.12173639797726,5707.568243412972
ID495,C,1952.4747834710433,422.7164644371658,-1529.7583190338776
ID496,C,2876.5028010500455,403.8932102342258,-2472.6095908158195
ID497,B,2603.799708402488,385.04023771617113,5207.599416804976
ID498,A,2542.5895839436375,400.35170404635375,5626.0102315991435
ID499,C,2754.8876639849864,385.8793886580301,-2369.008275326956
ID500,B,1794.3626350745967,421.7835242743291,3588.7252701491934
ID501,A,2240.8099514205787,384.7212765222055,4798.823471650709
ID502,C,2448.892883968007,381.14933582681994,-2067.743548141187
ID503,B,2683.665281695745,401.88346662948493,5367.33056339149
ID504,B,2441.2857128208952,387.4441200929203,4882.5714256417905
ID505,C,2354.774696700935,379.37827558171523,-1975.3964211192197
ID506,A,2574.866809186105,408.2913770726491,5683.143542195069
ID507,C,2531.3019169632485,394.78986434051893,-2136.5120526227297
ID508,C,2544.8172294386086,399.20910170595573,-2145.608127732653
ID509,C,2536.6619915037977,419.45602198646384,-2117.205969517334
ID510,A,2503.8654972646605,412.88652504156073,5447.163866586178
ID511,C,2513.9177555652022,409.86599855381263,-2104.05175701139
ID512,A,2382.7446262818753,390.3323851461097,5196.571953115077
ID513,B,2782.595765093862,418.43923757439563,5565.191530187724
ID514,C,2033.2769358204414,390.30182067287075,-1642.9751151475707
ID515,A,2234.482645081729,392.50110531046835,4740.942408692846
ID516,B,2866.1313357725408,433.22717573545236,5732.2626715450815
ID517,A,2773.7529583466844,410.56985314700125,6268.4096093050475
ID518,B,2153.270336251201,424.0406432067645,4306.540672502402
ID519,B,2372.4818469360007,423.5509804402498,4744.963693872001
ID520,B,1954.4507393836832,432.05579925076376,3908.9014787673664
ID521,B,2296.419719376051,388.74013478179046,4592.839438752102
ID522,B,2754.3226426254028,417.51282842538495,5508.6452852508055
ID523,C,2567.670130043162,395.0901596161788,-2172.579970426983
ID524,A,2220.2226020742637,391.7953120123753,4701.6912461609145
ID525,B,2716.286023689095,373.92768203161035,5432.57204737819
ID526,A,2183.50691164629,392.2355345717482,4589.343062080129
ID527,A,3085.540209773879,385.15863492748025,7330.827454684235
ID528,B,2458.9645224192805,415.62475927871617,4917.929044838561
ID529,C,2528.452825726281,413.4066544126298,-2115.046171313651
ID530,C,2262.5691599697066,397.1925079605576,-1865.376652009149
ID531,C,2687.185743277793,406.923280622059,-2280.262462655734
ID532,A,2735.097749319163,401.5190196292061,6197.698149811458
ID533,C,2881.7934880834946,423.5207702160888,-2458.272717867406
ID534,C,2105.3579139440894,381.4369904344958,-1723.9209235095936
ID535,C,2375.364895599866,397.1830053532182,-1978.1818902466478
ID536,A,2822.710117512812,408.03494740510314,6427.955615512919
ID537,C,2437.120097073944,396.86131489185925,-2040.2587821820848
ID538,B,2374.728618654555,394.8815358597064,4749.45723730911
ID539,C,2755.2564494219378,411.89409068247414,-2343.3623587394636
ID540,A,2310.444817962755,416.3812462411091,4849.42822268272
ID541,A,2655.2615426152724,381.10873157965665,6060.240969947534
ID542,B,2809.281651379369,408.38673648942665,5618.563302758738
ID543,B,2130.220684083367,393.2569186796561,4260.441368166734
ID544,C,2714.5719163504154,408.71817053076944,-2305.853745819646
ID545,C,3080.434596796261,412.3513717990857,-2668.083224997175
ID546,A,2522.619277143676,379.7255956136059,5669.229853362997
ID547,B,2371.182534091147,379.70828980133217,4742.365068182294
ID548,C,2602.767606233399,414.9388400512668,-2187.8287661821323
ID549,B,2637.147453033553,382.13372649728035,5274.294906067106
ID550,B,2314.3971620635484,399.1356301043167,4628.794324127097
ID551,A,2621.880340394573,379.5840171777302,5967.720935295069
ID552,A,2576.7738304150666,411.9698724487098,5670.472129001651
ID553,C,2049.783981607041,426.81422041434814,-1622.9697611926927
ID554,C,1867.002060007217,403.6220082541604,-1463.3800517530567
ID555,C,2008.2847931356498,381.440308610936,-1626.8444845247138
ID556,A,2042.7486876256166,421.3049286652664,4021.7214195505176
ID557,C,2547.309085370237,391.79965272488363,-2155.509432645353
ID558,B,2724.4944294320508,390.131272962208,5448.9888588641015
ID559,C,2966.491135926577,407.14160647290726,-2559.3495294536697
ID560,B,2477.956401808505,404.7129135027149,4955.91280361701
ID561,C,2705.4989764997986,420.3506590675081,-2285.1483174322902
ID562,B,2131.2783668494963,406.32660498699346,4262.5567336989925
ID563,A,2634.1887195532026,400.70844493098576,5899.023934004679
ID564,C,2589.025116428127,390.6002977275126,-2198.4248187006147
ID565,B,2469.0566876621488,386.84032719539726,4938.1133753242975
ID566,C,2425.7018315203927,397.9601933675119,-2027.7416381528808
ID567,B,2872.2997401874686,410.2561975778979,5744.599480374937
ID568,B,2788.4777567524716,404.6416495209114,5576.955513504943
ID569,C,2437.9490327649937,417.62843455006515,-2020.3205982149286
ID570,C,2754.0630034157252,385.3433704878383,-2368.719632927887
ID571,C,2261.91862301525,423.24233530670267,-1838.6762877085473
ID572,A,2984.357325416238,404.2313728874596,6931.915111811415
ID573,B,2448.52545308108,394.10937613602374,4897.05090616216
ID574,A,2809.6786326038373,420.6084898288637,6325.993448667192
ID575,A,2293.0475411380985,405.4470478502309,4851.907384163142
ID576,A,2106.8165519717145,404.54091909292043,4297.745060450541
ID577,B,2667.484528486807,391.72782489044056,5334.969056973614
ID578,C,2086.9073340827968,400.1968792189837,-1686.710454863813
ID579,A,2669.0817859774165,358.6059427132941,6214.21564436578
ID580,A,2177.183841027651,367.6681778768197,4693.2106336988545
ID581,B,2483.1644120960536,397.83852571458675,4966.328824192107
ID582,C,2399.8687069849952,386.6618390298748,-2013.2068679551205
ID583,B,2570.4907005408236,408.2075959132472,5140.981401081647
ID584,C,2645.0639880279273,389.23365461035735,-2255.83033341757
ID585,A,2799.3158809563447,427.0692971862658,6262.601156937705
ID586,B,3122.0208247289765,404.45473456992096,6244.041649457953
ID587,C,2957.0669030835006,397.0338936272856,-2560.033009456215
ID588,C,2511.5553021204546,397.7108928465931,-2113.8444092738614
ID589,A,1636.809330137099,362.9803698169221,3095.5261413266867
ID590,A,2330.2504359039453,419.10568804263704,4895.222867498651
ID591,A,2239.55810677088,380.69159776651406,4815.216331480069
ID592,C,2437.716486089792,406.7490329257203,-2030.9674531640717
ID593,A,2169.4080503698033,366.89107772752527,4673.768762471784
ID594,C,2732.244742396722,384.3178185494755,-2347.9269238472466
ID595,A,2596.844146620509,393.1575961054893,5824.744459334081
ID596,B,2735.202309434997,372.82356059309444,5470.404618869994
ID597,B,2827.061014186318,379.9883122679922,5654.122028372636
ID598,A,2318.5337167925427,422.98225994145906,4840.689850670333
ID599,B,2583.2644696577113,421.1393322907883,5166.528939315423
ID600,A,2276.889782786093,343.3528494678214,5113.9051010191715
ID601,A,2616.612879876776,394.1189958394486,5879.243660433085
ID602,A,3158.6362727194855,392.89553399725327,7511.431148172189
ID603,B,2398.0122925702694,411.18330435197055,4796.024585140539
ID604,C,2321.7871182699305,384.8271503292199,-1936.9599679407106
ID605,A,3102.7586783113866,379.37933746463267,7411.379347610995
ID606,A,2516.4843318007684,410.5950982108445,5496.477504348083
ID607,B,2437.4135176346635,405.39694012277016,4874.827035269327
ID608,C,2825.318147568477,406.93261191601204,-2418.385535652465
ID609,B,2240.2111365860055,399.6475784874405,4480.422273172011
ID610,C,2118.7836159694934,401.93974967847925,-1716.8438662910141
ID611,A,2159.6314201851583,423.51358416134065,4361.326339748772
ID612,B,1936.8950151512295,411.93108460892654,3873.790030302459
ID613,C,2259.7974380521773,393.0820253321803,-1866.715412719997
ID614,C,2243.760518423794,369.54918231642336,-1874.2113361073707
ID615,C,2590.64894194183,388.4232241114294,-2202.2257178304003
ID616,B,2596.993938689949,393.4598900822615,5193.987877379898
ID617,C,2415.244115481629,398.41368705791604,-2016.8304284237129
ID618,C,2743.9731084895107,431.04006360712174,-2312.933044882389
ID619,A,2389.556701169833,375.4403309456746,5291.468448781126
ID620,A,2471.069284514941,404.68865182659727,5389.764594411838
ID621,A,2421.058333592261,407.8298993241056,5224.025504156255
ID622,C,2357.918929072579,371.69713715066985,-1986.2217919219092
ID623,A,2245.975098834206,410.90284674742236,4683.411062765507
ID624,B,2689.5446256540963,392.84092340888367,5379.089251308193
ID625,A,2093.8083019052297,408.204110979061,4240.404350820383
ID626,B,2351.265153541271,405.3660872639783,4702.530307082542
ID627,C,2918.0094316281948,407.1598915475028,-2510.849540080692
ID628,B,2522.683034417756,381.5557584067573,5045.366068835512
ID629,A,2799.3519948812036,416.55659807266807,6315.272994280272
ID630,A,2957.053494243867,394.21212431374556,6900.099861162873
ID631,A,2363.334498012901,414.8612322263391,5015.697332907008
ID632,C,2441.853494497491,413.7912598619587,-2028.0622346355321
ID633,B,2457.5238611171812,414.7053495695504,4915.0477222343625
ID634,A,2695.3688900276948,409.8742745852442,6036.735297156863
ID635,A,2632.30849961123,410.70126048193316,5843.419196424025
ID636,B,2921.01257996203,389.35046411996274,5842.02515992406
ID637,B,2660.2401640339494,390.9471763814313,5320.480328067899
ID638,B,2180.293143541111,401.1887471178394,4360.586287082222
ID639,A,2495.4969216168925,398.86270847090026,5492.177222496177
ID640,A,3407.534487826387,398.9423455297114,8227.891735830604
ID641,C,2536.652473820081,375.32486775953845,-2161.3276060605426
ID642,B,2580.506616218461,393.7445495021173,5161.013232436922
ID643,B,2645.215434945791,404.9252416816256,5290.430869891582
ID644,B,2233.255315273294,422.8051958619578,4466.510630546588
ID645,C,2347.642382105721,395.63882675709937,-1952.0035553486216
ID646,B,2396.177959114361,386.11714597281616,4792.355918228722
ID647,B,2650.405469086796,401.3402345183229,5300.810938173592
ID648,B,2797.2947381165586,385.24812129792303,5594.589476233117
ID649,A,3130.0389260776374,407.0013969953916,7355.109793255954
ID650,C,2705.6975993472834,413.98947929017544,-2291.708120057108
ID651,B,2149.362866535215,420.2488175852116,4298.72573307043
ID652,A,2391.927578163769,412.54732382108955,5113.046115385859
ID653,C,2963.4032438247496,401.29322352713154,-2562.110020297618
ID654,A,2755.1608788186954,407.4229795422299,6228.367738744937
ID655,B,2012.4147796596549,393.2812421045559,4024.8295593193097
ID656,C,2220.4987725261926,394.82026540311824,-1825.6785071230743
ID657,A,2601.7295557083053,376.3944814284146,5923.2162599828425
ID658,A,3188.1222841194763,415.0088533194636,7489.322585761111
ID659,B,2861.628601551638,422.92597471110537,5723.257203103276
ID660,C,2673.5864140960075,388.81898662191696,-2284.7674274740907
ID661,C,2430.5238569054627,379.1782676848547,-2051.345589220608
ID662,B,2766.012083827393,384.8889460694425,5532.024167654786
ID663,C,2585.1307533365575,402.4711181512672,-2182.6596351852904
ID664,A,2867.466044206233,398.2547308658912,6611.124478289243
ID665,B,1685.5222825476621,387.0102478691494,3371.0445650953243
ID666,B,2394.0283294870733,378.12580362454196,4788.056658974147
ID667,B,1947.6802471120136,389.4787719180559,3895.360494224027
ID668,A,2872.8734306348006,379.16711009790777,6722.784741414862
ID669,C,2587.474916198889,412.98802437027064,-2174.4868918286184
ID670,C,2357.4611167723733,390.14825571587255,-1967.3128610565009
ID671,B,2325.6588008583594,411.45229832217484,4651.317601716719
ID672,C,2307.761157766675,397.044340886059,-1910.7168168806159
ID673,C,2438.247807319649,383.0152653396859,-2055.232541979963
ID674,B,2214.269270009688,403.77745525518014,4428.538540019376
ID675,B,2434.0602719844546,402.19066006799363,4868.120543968909
ID676,B,2491.9892116394058,404.2888137208089,4983.9784232788115
ID677,B,2188.620399498423,385.5616987753639,4377.240798996846
ID678,B,2638.5146209037084,408.77275049441204,5277.029241807417
ID679,A,2752.649440390776,389.44839697906417,6310.706336277006
ID680,B,2106.24649969561,414.1272404005871,4212.49299939122
ID681,C,2078.3356646794928,407.4586507462351,-1670.8770139332578
ID682,A,2801.924148160914,411.0634430269635,6350.455229347925
ID683,A,2188.39646937074,410.7019622527677,4511.67959684838
ID684,A,2845.8344634628634,383.03297331692266,6622.338523803977
ID685,A,2524.4433955800955,403.5256549158963,5555.701912160805
ID686,C,2497.946601801221,387.27434513366467,-2110.672256667556
ID687,B,2379.7917501600355,393.5048469486571,4759.583500320071
ID688,C,1998.0751390917014,392.6446075994569,-1605.4305314922444
ID689,B,2446.6900979507486,388.4772151930707,4893.380195901497
ID690,C,1941.8455047251161,394.4222133937841,-1547.4232913313322
ID691,C,2463.75423242007,403.19127563077814,-2060.562956789292
ID692,A,2090.9818365351703,419.73951686217066,4174.247925294658
ID693,C,2502.5914676389034,385.96459064655113,-2116.626876992352
ID694,C,2666.558073150932,406.96760968753097,-2259.590463463401
ID695,C,2409.295656798515,407.9646701473325,-2001.3309866511827
ID696,B,2333.1466977228943,399.5951943685502,4666.2933954457885
ID697,C,2784.667198641907,368.77851281482737,-2415.8886858270794
ID698,A,2376.871249240535,395.41108061107604,5153.558344666224
ID699,B,2155.590322102946,395.7789543739169,4311.180644205892
ID700,B,2752.4621958150747,409.1464664607087,5504.924391630149
ID701,B,2690.416692105371,409.8047204890557,5380.833384210742
ID702,C,2405.158256635952,400.7935593667514,-2004.3646972692006
ID703,C,2320.8708478055696,390.6518538829683,-1930.2189939226014
ID704,B,3040.4008301351355,415.53894428324077,6080.801660270271
ID705,C,2233.4762695601216,389.16890899967837,-1844.3073605604432
ID706,A,1774.792397122228,358.92973683241473,3529.7285072046107
ID707,B,2142.449982153545,420.9236454113435,4284.89996430709
ID708,C,2084.581123012145,415.5526337079208,-1669.028489304224
ID709,C,2567.9874558638026,405.2126770757003,-2162.774778788102
ID710,A,2765.0589947574244,382.5159515871409,6382.597226336569
ID711,C,2663.2959402633574,401.6681307052937,-2261.6278095580637
ID712,A,2817.655719311838,415.3672609082142,6376.130853394441
ID713,C,2711.926347129783,398.3741325862447,-2313.5522145435384
ID714,C,2399.4334807927958,401.0469792757563,-1998.3865015170395
ID715,B,2300.8250203128746,408.75077683739914,4601.650040625749
ID716,A,2080.004410676782,363.10362711819545,4424.495096439368
ID717,B,2718.0432354199374,425.0265534439049,5436.086470839875
ID718,A,2005.5702639833335,393.8739940819719,4047.340821540141
ID719,B,2793.261281641404,398.91364202241886,5586.522563282808
ID720,C,2738.1958392954043,387.9140256533117,-2350.281813642093
ID721,B,2915.3312772540676,408.2232293810879,5830.662554508135
ID722,C,2493.212834023637,371.4483244532894,-2121.7645095703474
ID723,B,2225.2919821781675,391.33568627497016,4450.583964356335
ID724,B,2345.204492458855,423.00145451587827,4690.40898491771
ID725,B,2780.734760841185,427.6061110886152,5561.46952168237
ID726,A,2251.8850766692112,401.3424105776896,4748.943177119186
ID727,C,2673.0583602180695,411.19363817414956,-2261.8647220439198
ID728,C,2263.114350275696,409.9045407833352,-1853.2098094923606
ID729,B,2674.2548912526063,383.276831784142,5348.509782505213
ID730,C,1964.9406139643374,404.4765324934765,-1560.464081470861
ID731,C,2508.679753803554,396.35904141730015,-2112.320712386254
ID732,B,2369.3963251290893,410.3991510447643,4738.792650258179
ID733,B,3082.8137124713685,388.1798607143616,6165.627424942737
ID734,C,2484.4426837385895,387.15859550777583,-2097.2840882308137
ID735,A,2698.224392779183,385.4934424348189,6167.205966163454
ID736,B,3044.156807433378,413.75398032556797,6088.313614866756
ID737,C,2601.029971708025,371.7873835367561,-2229.242588171269
ID738,A,2619.4855564500963,400.9486455735122,5853.713441482729
ID739,B,2878.2438608453995,405.9038408332999,5756.487721690799
ID740,B,2296.432920340184,399.2927610716333,4592.865840680368
ID741,B,2580.420769873763,369.6352254606579,5160.841539747526
ID742,B,2040.816525397828,404.05946534387556,4081.633050795656
ID743,B,2715.5404184219815,428.0590239539476,5431.080836843963
ID744,A,2334.5675784994455,395.6884409596779,5025.260530699947
ID745,A,2889.6789212564863,401.9447783504432,6659.312872017243
ID746,C,2682.420891303671,408.7442038882217,-2273.676687415449
ID747,A,2623.027142662469,416.6262859885629,5785.949998044593
ID748,C,2632.1137156710333,386.9724543055379,-2245.1412613654957
ID749,C,2570.132249444834,412.677319706055,-2157.454929738779
ID750,C,1982.58699416306,382.02119881709353,-1600.5657953459663
ID751,B,2944.1674127164174,366.0905086335038,5888.334825432835
ID752,A,2235.3873835554605,387.82860588550807,4767.019121238841
ID753,B,2520.4753059921836,385.3568042008778,5040.950611984367
ID754,A,2605.437767641606,395.2902568127279,5839.8620188611785
ID755,B,2877.1220072289834,407.83297783778505,5754.244014457967
ID756,C,2499.1020881064965,423.06042203570024,-2076.041666070796
ID757,A,2764.215865923748,431.1327190348405,6136.984002597041
ID758,A,2674.5976459428643,416.16588192572027,5942.963528199993
ID759,C,1946.9712043042318,378.738428568821,-1568.2327757354108
ID760,A,2650.4938328616586,387.1337872307778,6015.812562431087
ID761,C,2264.740532453238,382.2044010626514,-1882.5361313905864
ID762,C,2664.93753502252,391.3648861218122,-2273.572648900708
ID763,A,2570.8975706836845,389.8716714657985,5763.334354722061
ID764,C,1720.0551379150352,392.6101759488551,-1327.44496196618
ID765,A,2722.540035315726,422.0876978062859,6057.181616915749
ID766,B,2532.0174563941514,390.5743455019491,5064.034912788303
ID767,B,2144.7195661623437,406.20774999187915,4289.439132324687
ID768,A,3217.956383149663,380.73802843089885,7750.179007294494
ID769,C,2692.797348243383,405.07717779941464,-2287.7201704439685
ID770,C,3077.420330813299,398.3938657791205,-2679.0264650341787
ID771,B,2924.2813617617517,380.3289749175953,5848.562723523503
ID772,A,2928.3991231598325,380.6584220569522,6881.905259194737
ID773,C,2934.818815433574,410.62596404109047,-2524.1928513924836
ID774,A,2330.0214401182106,405.466653780132,4962.731051453971
ID775,B,2752.451451072562,370.1221409159478,5504.902902145124
ID776,A,2791.3995495142785,404.0708931191457,6353.844182947107
ID777,A,2466.4408263240666,399.786459037876,5400.39018378282
ID778,A,2384.0929604261064,394.6845906923786,5178.855927816427
ID779,C,2985.1165266269277,396.9485152163259,-2588.1680114106016
ID780,C,2568.0675131544535,401.8656602307306,-2166.201852923723
ID781,A,2274.469721282271,387.21726692056444,4887.322829243991
ID782,B,2720.886999424739,389.89364140861767,5441.773998849478
ID783,B,2673.5538817576016,425.3522566513505,5347.107763515203
ID784,B,2420.7184412604115,386.06165268269797,4841.436882520823
ID785,C,2113.515937349639,401.82011820882104,-1711.695819140818
ID786,C,2441.350667515872,396.8886187345121,-2044.46204878136
ID787,B,2581.3804677512635,399.13565114955446,5162.760935502527
ID788,B,2815.5198297808342,414.37840196170214,5631.0396595616685
ID789,A,2451.061210747168,375.53389997631973,5475.5141323599055
ID790,C,2492.7902826283816,381.94844648597365,-2110.841836142408
ID791,C,2283.7821842625967,404.14509853774035,-1879.6370857248564
ID792,B,3032.7237263753996,413.8796818992697,6065.447452750799
ID793,C,2619.0010163143174,380.0506736539986,-2238.9503426603187
ID794,B,2962.8418381553042,412.62375654671416,5925.6836763106085
ID795,B,2977.639015718543,388.3963014709535,5955.278031437086
ID796,B,2287.40449732639,374.50383280685776,4574.80899465278
ID797,A,2719.9022416288526,407.61780468869324,6121.617701443091
ID798,C,2525.8069458327745,401.44319710448275,-2124.3637487282917
ID799,C,2994.209879440659,407.8184336840534,-2586.391445756605
ID800,A,2525.804270805519,384.7356377786522,5653.734623523296
